position,person,personID,start,end,gender,DOB,DOD,image,enwiki
President,Fernando Henrique Cardoso,Q230578,1995-01-01,2003-01-01,male,1931-06-18,,Fernando Henrique Cardoso (1999).jpg,Fernando Henrique Cardoso
President,Luiz Inácio Lula da Silva,Q37181,2003-01-01,2011-01-01,male,1945-10-27,,Luiz Inácio Lula da Silva.jpg,Luiz Inácio Lula da Silva
President,Dilma Rousseff,Q40722,2011-01-01,2016-08-31,female,1947-12-14,,Dilma Rousseff - foto oficial 2011-01-09 2 (cropped).jpg,Dilma Rousseff
President,Michel Temer,Q463533,2016-08-31,2019-01-01,male,1940-09-23,,Presidente Michel Temer (foto oficial) - cortada.jpg,Michel Temer
President,Jair Bolsonaro,Q10304982,2019-01-01,,male,1955-03-21,,Jair Bolsonaro em 24 de abril de 2019 (1) (cropped).jpg,Jair Bolsonaro
Vice President,Marco Maciel,Q2421842,1995-01-01,2002-12-31,male,1940-07-21,2021-06-12,Marco Maciel.jpg,Marco Maciel
Vice President,Michel Temer,Q463533,2011-01-01,2016-08-31,male,1940-09-23,,Presidente Michel Temer (foto oficial) - cortada.jpg,Michel Temer
Vice President,Hamilton Mourão,Q52871852,2019-01-01,,male,1953-08-15,,2019 Palestra no Graciosa Country Club - 48147396701 (cropped).jpg,Hamilton Mourão
Minister of Agrarian Development,Raul Jungmann,Q10357609,1999-11-26,2002-04-04,male,1952-04-03,,Raul Jungmann posse Min Seg Pública.jpg,Raul Jungmann
Minister of Agriculture,Tereza Cristina Corrêa da Costa Dias,Q10380562,2019-01-01,2022-03-31,female,1954-07-06,,Tereza Cristina em 18 de julho de 2019.jpg,Tereza Cristina
Minister of Agriculture,Marcos Montes Cordeiro,Q10325465,2022-03-31,,male,1949-08-03,,Marcos Montes cropped.png,
Minister of Citizenship,Osmar Terra,Q10342262,2019-01-01,2020-02-13,male,1950-02-18,,Osmar Terra em 19 de julho de 2019 (recorte).jpg,Osmar Terra
Minister of Citizenship,Onyx Lorenzoni,Q10341050,2020-02-18,2021-02-12,male,1954-10-03,,Onyx Lorenzoni em 2019.jpg,Onyx Lorenzoni
Minister of Citizenship,João Roma,Q59204311,2021-02-12,2022-03-31,male,1972-11-17,,João Roma.png,João Roma
Minister of Citizenship,Ronaldo Bento,Q111446919,2022-03-31,,male,1977,,,
Minister of Communications,Fabio Faria,Q10279146,2020-06-17,,male,1977-09-01,,Fábio Faria em abril de 2017.jpg,Fábio Faria (politician)
Minister of Culture,Francisco Weffort,Q10285211,1995,2002,male,1937-05-17,2021-08-02,Francisco Weffort.jpg,Francisco Weffort
Minister of Culture,Gilberto Gil,Q221479,2003-01-01,2008-07-30,male,1942-06-26,,25o Premio da Musica Brasileira (14209841473).jpg,Gilberto Gil
Minister of Culture,Roberto Alvim,Q64759190,2019-11-07,2020-01-17,male,1973,,Roberto Alvim (2020) (cropped).jpg,Roberto Alvim
Minister of Culture,Regina Duarte,Q1797428,2020-01-29,2020-05-20,female,1947-02-05,,Regina Duarte perfil.jpg,Regina Duarte
Minister of Culture,Mário Frias,Q6949721,2020-06-23,2022-03-31,male,1971-10-09,,Mário Frias em 2020.jpg,Mário Frias
Minister of Culture,Hélio Ferraz de Oliveira,Q111509496,2022-03-31,,male,,,,
Minister of Defence,Geraldo Magela da Cruz Quintão,Q5441710,2000-01-24,2003-01-01,male,1935-07-01,,Geraldo Magela Quintao 000628-D-2987S-026.jpg,Geraldo Magela
Minister of Defence,Jaques Wagner,Q6159407,2015-01-01,2015-10-02,male,1951-03-16,,JaquesWagner2010.jpg,Jaques Wagner
Minister of Defence,Raul Jungmann,Q10357609,2016-05-12,2018-02-27,male,1952-04-03,,Raul Jungmann posse Min Seg Pública.jpg,Raul Jungmann
Minister of Defence,Joaquim Silva e Luna,Q51882085,2018-02-26,2019-01-01,male,1949-12-29,,General Joaquim Silva e Luna.jpg,Joaquim Silva e Luna
Minister of Defence,Fernando Azevedo e Silva,Q58586921,2019-01-01,2021-03-29,male,1954-02-04,,Fernando Azevedo e Silva em abril de 2019 (1; recorte).jpg,Fernando Azevedo e Silva
Minister of Defence,Walter Souza Braga Netto,Q49323012,2021-03-30,2022-03-31,male,1957-03-11,,2020-10-17 Cerimônia de Entrega de Espadim aos Cadetes da Turma “Centenário da Missão Militar Francesa no Brasil” 073 (cropped).jpg,Walter Souza Braga Netto
Minister of Defence,Paulo Sérgio Nogueira de Oliveira,Q106307801,2022-03-31,,male,1958-09-28,,2021-03-31 Encontro com os novos comandantes das Forças Armadas - 51086752341 (cropped).jpg,Paulo Sérgio Nogueira de Oliveira
Minister of Economy,Paulo Roberto Nunes Guedes,Q56347746,2019-01-01,,male,1949-08-24,,Jair Bolsonaro e Paulo Guedes em solenidade (cropped).jpg,Paulo Guedes
Minister of the Environment,Sarney Filho,Q9074685,1999-01-01,2002-03-05,male,1957-06-14,,"Ministro do Meio Ambiente, Sarney Filho 2017.jpg",Sarney Filho
Minister of the Environment,José Carlos Carvalho,Q10309083,2002-03-05,2003-01-01,male,1952-09-05,,Jose Carlos Carvalho ex-ministro meio ambiente.jpg,
Minister of the Environment,Carlos Minc,Q2464253,2008-05-27,2010-03-31,male,1951-07-12,,Carlos Minc (19-05-2008).jpg,Carlos Minc
Minister of the Environment,Izabella Teixeira,Q194997,2010-04-01,2016-05-12,female,1961-10-09,,IzabellaTeixeira.JPG,Izabella Teixeira
Minister of the Environment,Sarney Filho,Q9074685,2016-05-12,2018-04-06,male,1957-06-14,,"Ministro do Meio Ambiente, Sarney Filho 2017.jpg",Sarney Filho
Minister of the Environment,Ricardo Salles,Q15123609,2019-01-01,2021-06-23,male,1975-06-08,,Ricardo Salles em 8 de agosto de 2019 (1).jpg,Ricardo Salles
Minister of the Environment,Joaquim Alvaro Pereira Leite,Q107348193,2021-06-23,,male,1975-06-08,,Joaquim Alvaro Pereira Leite.jpg,Joaquim Alvaro Pereira Leite
Minister of Education,Paulo Renato Souza,Q7155285,1995-01-01,2003-01-01,male,1945-09-10,2011-06-25,Paulo Renato crop.jpg,Paulo Renato Souza
Minister of Education,Cristovam Buarque,Q1789919,2003-01-01,2004-01-27,male,1944-02-20,,Cristovam Buarque.jpg,Cristovam Buarque
Minister of Education,Tarso Genro,Q3515818,2004-01-27,2005-07-29,male,1947-06-03,,Tarso Genro em 22 de junho de 2011.jpg,Tarso Genro
Minister of Education,Fernando Haddad,Q3069485,2005-07-29,2011-01-01,male,1963-01-25,,Fernando Haddad Prefeito 2016.jpg,Fernando Haddad
Minister of Education,Fernando Haddad,Q3069485,2011-01-01,2012-01-23,male,1963-01-25,,Fernando Haddad Prefeito 2016.jpg,Fernando Haddad
Minister of Education,Aloízio Mercadante,Q3820720,2012-01-24,2014-02-02,male,1954-05-13,,Aloizio Mercadante em setembro de 2010.jpg,Aloízio Mercadante
Minister of Education,José Henrique Paim,Q16337689,2014-02-03,2015-01-01,male,1966-06-02,,Josehenriquepaim.jpg,
Minister of Education,Luiz Cláudio Costa,Q10320688,2015-03-18,2015-04-06,male,1958,,Plenário do Senado (29221200996).jpg,
Minister of Education,Renato Janine Ribeiro,Q7312649,2015-04-06,2015-10-01,male,1949-12-09,,Renato Janine Ribeiro em 2015.jpg,Renato Janine Ribeiro
Minister of Education,Aloízio Mercadante,Q3820720,2015-10-02,2016-05-12,male,1954-05-13,,Aloizio Mercadante em setembro de 2010.jpg,Aloízio Mercadante
Minister of Education,Mendonça Filho,Q9031519,2016-05-12,2018-04-06,male,1966-07-12,,Mendonça Filho Dem.jpg,Mendonça Filho
Minister of Education,Rossieli Soares,Q51882584,2018-04-06,2018-12-31,male,1978-10-09,,"CE - Comissão de Educação, Cultura e Esporte (30879738265).jpg",
Minister of Education,Ricardo Vélez Rodríguez,Q59123716,2019-01-01,2019-04-08,male,1943-11-15,,Ricardo Vélez Rodríguez em fevereiro de 2019.jpg,Ricardo Vélez Rodríguez
Minister of Education,Abraham Weintraub,Q63039824,2019-04-09,2020-06-20,male,1972,,Abraham Weintraub em maio de 2019.jpg,Abraham Weintraub
Minister of Education,Milton Ribeiro,Q97161166,2020-07-16,2022-03-28,male,1958-03-14,,"2020-07-16 Solenidade de Posse do senhor Milton Ribeiro, Ministro de Estado da Educação (videoconferência) 03 (cropped).jpg",Milton Ribeiro
Minister of Education,Victor Godoy Veiga,Q111433242,2022-03-29,,,,,,
Minister of External Relations,Ernesto Araújo,Q58642905,2019-01-01,2021-03-29,male,1967-05-15,,Ernesto Araújo (46571408771) (cropped).jpg,Ernesto Araújo
Minister of External Relations,Carlos Alberto Franco França,Q106271551,2021-03-29,,male,1964-04-18,,Minister Carlos Alberto França.jpg,Carlos Alberto França
Minister of Finance,Antonio Palocci,Q603993,2003-01-01,2006-03-27,male,1960-10-04,,Antonio Palloci.jpg,Antonio Palocci
Minister of Finance,Guido Mantega,Q1359689,2006-03-27,2015-01-01,male,1949-04-07,,Guido mantega.jpg,Guido Mantega
Minister of Finance,Joaquim Levy,Q18563155,2015-01-01,2015-12-21,male,1961-02-17,,Joaquim Levy em 13 de junho de 2019 (recorte).jpg,Joaquim Levy
Minister of Finance,Nelson Barbosa,Q18563647,2015-12-21,2016-05-12,male,1969-11-17,,Nelson Barbosa 2014.jpg,Nelson Barbosa
Minister of Finance,Henrique Meirelles,Q3428247,2016-05-12,2018-04-06,male,1945-08-31,,Henrique Meirelles - World Economic Forum on Latin America 2011.jpg,Henrique Meirelles
Minister of Finance,Eduardo Guardia,Q56346652,2018-04-06,2019-01-01,male,1966-01-19,,Governador Rollemberg e chefes de Executivo de nove estados em reunião no ministério da Fazenda (30183090741).jpg,Eduardo Guardia
Minister of Health,José Serra,Q379563,1998-03-31,2002-02-20,male,1942-03-19,,Serradiscursando2010.jpg,José Serra
Minister of Health,Gilberto Occhi,Q16337518,2018-04-02,2019-01-01,male,1958-07-24,,CMMC - Comissão Mista Permanente sobre Mudanças Climáticas (17590127446).jpg,Gilberto Occhi
Minister of Health,Nelson Luiz Sperle Teich,Q90844310,2020-04-17,2020-05-15,male,1957-07-24,,"2020-04-27 Coletiva de imprensa com Ministro da Saúde, Nelson Teich - 49827870472 (cropped).jpg",Nelson Teich
Minister of Health,Eduardo Pazuello,Q94787924,2020-06-02,2020-09-16,male,1963,,Eduardo Pazuello.jpg,Eduardo Pazuello
Minister of Health,Eduardo Pazuello,Q94787924,2020-09-16,2021-03-23,male,1963,,Eduardo Pazuello.jpg,Eduardo Pazuello
Minister of Health,Marcelo Queiroga,Q105969706,2021-03-23,,male,1963-12-01,,CAS - Comissão de Assuntos Sociais (35941643904) (cropped).jpg,Marcelo Queiroga
Minister of Human Rights,Gilberto Vergne Saboia,Q100266256,2000,2001,male,1942-05-16,,,
"Minister of Industry, Foreign Trade and Services",Sérgio Silva do Amaral,Q10376236,2001,2003,male,1944-06-01,,Sérgio Amaral.jpg,Sérgio Amaral
Minister of Infrastructure,Tarcísio Gomes de Freitas,Q60392579,2019-01-01,2022-03-31,male,1975-08-19,,Tarcísio Gomes de Freitas em 10 de julho de 2019.jpg,Tarcísio Gomes de Freitas
Minister of Infrastructure,Marcelo Sampaio,Q111446664,2022-03-31,,,,,,
Minister of Justice,José Levi Mello do Amaral Júnior,Q28920415,2017-02-07,2017-03-07,male,1976-06-22,,2020-04-29 Solenidade de Posse do Ministro da Justiça e Segurança Pública e do Advogado-Geral da União 39.jpg,José Levi do Amaral
Minister of Justice,Sergio Moro,Q19607958,2019-01-01,2020-04-24,male,1972-08-01,,"Sérgio Moro in June 19, 2019 (cropped).jpg",Sergio Moro
Minister of Justice,Anderson Torres,Q106290142,2020-03-30,,male,1976,,Anderson Torres.jpg,Anderson Torres
Minister of Justice,André Mendonça,Q60396070,2020-04-29,2021-03-29,male,1972-12,,André Luiz de Almeida Mendonça (cropped).jpg,André Mendonça
Minister of Labour,Francisco Dornelles,Q8962336,1999-01-01,2002-04-08,male,1935-01-07,,Dornelles01022207.jpg,Francisco Dornelles
Minister of Labour,Jaques Wagner,Q6159407,2003-01-01,2004-01-23,male,1951-03-16,,JaquesWagner2010.jpg,Jaques Wagner
Minister of Labour,Ronaldo Nogueira,Q20046149,2016-05-12,2017-12-27,male,1966-04-25,,Reuniões Conjuntas (28107660253).jpg,Ronaldo Nogueira
Minister of Labour,Helton Yomura,Q56350465,2018-01,2018-07-05,male,1984-11-17,,Cerimônia de posse de novos ministros no Palácio do Planalto.jpg,
Minister of Labour,Onyx Lorenzoni,Q10341050,2021-07-26,2022-03-31,male,1954-10-03,,Onyx Lorenzoni em 2019.jpg,Onyx Lorenzoni
Minister of Labour,José Carlos Oliveira,Q111446648,2022-03-31,,,,,,
Minister of Mines and Energy,Marco Antônio Martins Almeida,Q21694280,2016-04-22,2016-05-12,male,1961,,Plenário do Senado (19307422041).jpg,
Minister of Mines and Energy,Bento Albuquerque,Q59308525,2019-01-01,,male,1958-08-03,,Bento Albuquerque em 26 de março de 2019 (1; cropped).jpg,Bento Costa Lima
Minister for National Integration,Mary Dayse Kinzo,Q100275893,2002-04-05,2002-06-06,female,,,,
Minister for National Integration,Carlos Antônio Vieira Fernandes,Q100466653,2016-03-02,2016-04-16,male,1961,,,
Minister for National Integration,Helder Barbalho,Q3784499,2016-05-12,2018-04-06,male,1979-05-18,,Helder Barbalho em abril de 2019.jpg,Helder Barbalho
Minister of Regional Development,Gustavo Canuto,Q60395001,2019-01-01,2020-02-06,male,1949,,Gustavo Canuto (cropped).jpg,Gustavo Canuto
Minister of Regional Development,Rogério Marinho,Q10364098,2020-02-11,2022-03-31,male,1963-11-26,,Entrevistas Diversas (33317612900).jpg,Rogério Simonetti Marinho
Minister of Regional Development,Daniel de Oliveira,Q111446676,2022-03-31,,male,,,,
Minister of National Security,Raul Jungmann,Q10357609,2018-02-27,2019-01-01,male,1952-04-03,,Raul Jungmann posse Min Seg Pública.jpg,Raul Jungmann
"Minister of Science, Technology, Innovations and Communications",Ronaldo Sardenberg,Q7365442,1999,2002,male,1940-10-08,,RonaldoSardenberg200802ElzaFiuzaAgenciaBrasil.jpg,Ronaldo Mota Sardenberg
"Minister of Science, Technology, Innovations and Communications",Marcos Pontes,Q317643,2019-01-01,2022-03-31,male,1963-03-11,,Marcos Pontes.jpg,Marcos Pontes
"Minister of Science, Technology, Innovations and Communications",Paulo Alvim,Q111444580,2022-03-31,,male,,,Ministro Paulo Alvim.jpg,
Minister of Sports,Rafael Greca,Q10357041,1999-01-01,2000-05-05,male,1956-03-17,,Rafael Greca prefeito 2017.png,Rafael Greca
Minister of Sports,Carlos Melles,Q9697222,2000-05-09,2002-03-08,male,1947-03-11,,Carlos melles.jpg,
Minister of Sports,Caio Cibella de Carvalho,Q16939614,2002-03-08,2003-01-01,male,1951,,,
Minister of Sports,Agnelo Queiroz,Q13564542,2003-01-01,2006-03-31,male,1958-11-09,,AgneloQueiroz2010.jpg,Agnelo Queiroz
Minister of Sports,Orlando Silva de Jesus Júnior,Q652944,2006-04-03,2007-01-01,male,1971-05-27,,Orlandosilva19122006.jpg,
Minister of Sports,Orlando Silva de Jesus Júnior,Q652944,2007-01-01,2011-01-01,male,1971-05-27,,Orlandosilva19122006.jpg,
Minister of Sports,Orlando Silva de Jesus Júnior,Q652944,2011-01-01,2011-10-27,male,1971-05-27,,Orlandosilva19122006.jpg,
Minister of Sports,Aldo Rebelo,Q518766,2011-10-27,2015-01-01,male,1956-02-23,,Aldo Rebelo (16654292721) (cropped).jpg,Aldo Rebelo
Minister of Sports,George Hilton,Q18707957,2015-01-01,2016-03-30,male,1971-06-11,,George Hilton Homenagem Min Esporte.jpg,George Hilton (politician)
Minister of Sports,Ricardo Leyser,Q23899763,2016-03-31,2016-05-12,male,1972,,RicardoLeyser.jpg,
Minister of Sports,Leonardo Picciani,Q10317356,2016-05-12,2018-04-10,male,1979-11-06,,Leonardo Picciani.jpg,Leonardo Picciani
Minister of Sports,Leandro Cruz Fróes da Silva,Q61000437,2018-04-10,2018-12-31,male,1969-11-05,,Ministro Fróes.jpg,
Minister of Tourism,Marcelo Álvaro Antônio,Q48868228,2019-01-01,2020-12-09,male,1974-02-16,,Marcelo Álvaro Antônio (cropped).jpg,Marcelo Álvaro Antônio
Minister of Tourism,Gilson Machado Neto,Q104605629,2020-12-09,2022-03-31,male,1968-05-12,,Gilson Machado Neto (cropped).jpg,Gilson Machado Neto
Minister of Tourism,Carlos Brito,Q106621007,2022-03-31,,male,,,,
Minister of Transparency and Control,Waldir Pires,Q2420629,2003-01-01,2006-03-31,male,1926-10-21,2018-06-22,Waldir Pires1.jpg,Waldir Pires
Minister of Transparency and Control,Wagner Rosário,Q30936068,2017-05-31,,male,1975,,Wagner Rosário em 30 de julho de 2019 (recorte).jpg,Wagner de Campos Rosário
"Minister of Women, Family and Human Rights",Damares Alves,Q59577903,2019-01-01,2022-03-31,female,1964-03-11,,Damares Alves em fevereiro de 2019 (2).jpg,Damares Alves
"Minister of Women, Family and Human Rights",Cristiane Rodrigues Britto,Q111446662,2022-03-31,,,,,,
Minister of the Court of Accounts of the Union,Aroldo Cedraz,Q9630051,2007-01-03,,male,1951-02-26,,Aroldo Cedraz3.jpg,
Minister of the Superior Court of Justice,William Andrade Patterson,Q56349350,1989-04-07,2000-12-14,male,1936-09-28,,Ministro-william-andrade-patterson.jpg,
Minister of the Supreme Federal Court,Teori Zavascki,Q10380305,2012-11-29,2017-01-19,male,1948-08-15,2017-01-19,Teori Zavascki-edit.jpg,Teori Zavascki
Secretary-General of the Presidency,Jorge Oliveira,Q64760330,2019-06-21,2020-12-31,male,1974-11-15,,Jorge de Oliveira Francisco em 21 de junho de 2019 (4).jpg,Jorge Oliveira
Secretary-General of the Presidency,Onyx Lorenzoni,Q10341050,2021-02-12,2021-07-26,male,1954-10-03,,Onyx Lorenzoni em 2019.jpg,Onyx Lorenzoni
Secretary-General of the Presidency,Luiz Eduardo Ramos,Q64682549,2021-07-26,,male,1956-06-12,,Luiz Eduardo Ramos em 4 de julho de 2019 (1; recorte).jpg,Luiz Eduardo Ramos
Chief of Staff of the Presidency,Jaques Wagner,Q6159407,2015-10-02,2016-03-16,male,1951-03-16,,JaquesWagner2010.jpg,Jaques Wagner
Chief of Staff of the Presidency,Onyx Lorenzoni,Q10341050,2019-01-01,2020-02-18,male,1954-10-03,,Onyx Lorenzoni em 2019.jpg,Onyx Lorenzoni
Chief of Staff of the Presidency,Walter Souza Braga Netto,Q49323012,2020-02-18,2021-03-29,male,1957-03-11,,2020-10-17 Cerimônia de Entrega de Espadim aos Cadetes da Turma “Centenário da Missão Militar Francesa no Brasil” 073 (cropped).jpg,Walter Souza Braga Netto
Chief of Staff of the Presidency,Luiz Eduardo Ramos,Q64682549,2021-03-29,2021-07-26,male,1956-06-12,,Luiz Eduardo Ramos em 4 de julho de 2019 (1; recorte).jpg,Luiz Eduardo Ramos
Chief of Staff of the Presidency,Ciro Nogueira Lima Filho,Q15985219,2021-07-26,,male,1968-11-21,,Ciro Nogueira Filho 2013.jpg,Ciro Nogueira Lima Filho
Secretary of Government,Carlos Alberto dos Santos Cruz,Q13416899,2019-01-01,2019-06-13,male,1952-06-01,,Santos Cruz em 8 de maio de 2019 (1; cropped).jpg,Carlos Alberto dos Santos Cruz
Secretary of Government,Luiz Eduardo Ramos,Q64682549,2019-06-13,2021-03-29,male,1956-06-12,,Luiz Eduardo Ramos em 4 de julho de 2019 (1; recorte).jpg,Luiz Eduardo Ramos
Secretary of Government,Flávia Arruda,Q60961728,2021-03-29,2022-03-31,female,1980-01-21,,Flavia Arruda 2019.jpg,Flávia Arruda
Secretary of Government,Célio Faria Júnior,Q111446916,2021-03-31,,male,,,Célio Faria.jpg,
Secretary of Institutional Security,Augusto Heleno,Q9637698,2019-01-01,,male,1947-10-29,,Augusto Heleno (cropped).jpg,Augusto Heleno
Secretary of Strategic Affairs of the Presidency,Eduardo Pazuello,Q94787924,2021-06-01,,male,1963,,Eduardo Pazuello.jpg,Eduardo Pazuello
Attorney General,Geraldo Magela da Cruz Quintão,Q5441710,1995-01,2000-01,male,1935-07-01,,Geraldo Magela Quintao 000628-D-2987S-026.jpg,Geraldo Magela
Attorney General,Gilmar Mendes,Q2362405,2000-01,2002-06,male,1955-12-30,,Gilmar Mendes (cropped).jpg,Gilmar Mendes
Attorney General,Dias Toffoli,Q10266077,2007-03,2009-10,male,1967-11-15,,Toffoli aniversario da constituição.jpg,Dias Toffoli
Attorney General,Luís Inácio Adams,Q3624445,2009-10-23,2016-03-03,male,1965-03-02,,Luis inacio adams.jpg,Luís Inácio Adams
Attorney General,José Eduardo Cardozo,Q10309291,2016-03,2016-05,male,1959-04-18,,Jose eduardo cardozo.jpg,José Eduardo Cardozo
Attorney General,Fábio Medina Osório,Q24076835,2016-05,2016-09,male,1967-07-31,,CEI2016 - Comissão Especial do Impeachment 2016 (26756330696).jpg,Fábio Medina Osório
Attorney General,Grace Mendonça,Q26884925,2016-09,2019-01,female,1968-10-17,,Grace Mendonça 2016 posse agu.jpg,Grace Mendonça
Attorney General,André Mendonça,Q60396070,2019-01-01,2020-04-28,male,1972-12,,André Luiz de Almeida Mendonça (cropped).jpg,André Mendonça
Attorney General,José Levi Mello do Amaral Júnior,Q28920415,2020-04-29,2021-03-29,male,1976-06-22,,2020-04-29 Solenidade de Posse do Ministro da Justiça e Segurança Pública e do Advogado-Geral da União 39.jpg,José Levi do Amaral
Attorney General,André Mendonça,Q60396070,2021-03-29,2021-08-06,male,1972-12,,André Luiz de Almeida Mendonça (cropped).jpg,André Mendonça
Attorney General,Bruno Bianco,Q107972708,2021-08-06,,male,1982,,Bruno Bianco.jpg,Bruno Bianco
Prosecutor General,Claudio Lemos Fonteles,Q9786379,2003-06-30,2005-06-29,male,1946-10-11,,Claudio fonteles.jpg,
Prosecutor General,Augusto Aras,Q65167291,2019-09-26,,male,1958-12-04,,Augusto Aras - Justiça Viva (cropped).jpg,Augusto Aras
National Secretary of Public Security,Guilherme Cals Theophilo Gaspar de Oliveira,Q97657354,2019-01-01,2020-05-14,male,1955-03-13,,Guilherme Theophilo (recorte).jpg,
President of the Chamber of Deputies,Arthur Lira,Q23904977,2021-02-01,,male,1969-06-25,,Arthur Lira como presidente da Câmara.jpg,Arthur Lira
President of the Federal Senate,Antônio Carlos Magalhães,Q571064,1997-02-04,2001-02-14,male,1927-09-04,2007-07-20,"Antônio Carlos Peixoto de Magalhães, Governador da Bahia..tif",Antônio Carlos Magalhães
President of the Federal Senate,José Sarney,Q244997,2009-02-02,2013-02-01,male,1930-04-24,,Jose Sarney.jpg,José Sarney
President of the Federal Senate,Davi Alcolumbre,Q10264359,2019-02-02,2021-02-01,male,1977-06-19,,Foto oficial 2 de Davi Alcolumbre (v. AgSen).jpg,Davi Alcolumbre
President of the Federal Senate,Rodrigo Pacheco,Q29696179,2021-02-01,,male,1976-11-03,,"Deputado Rodrigo pacheco na Comissão de Constituição, Justiça e Cidadania (cropped).jpg",Rodrigo Pacheco (politician)
President of the Central Bank,Henrique Meirelles,Q3428247,2003-01-01,2011-01-01,male,1945-08-31,,Henrique Meirelles - World Economic Forum on Latin America 2011.jpg,Henrique Meirelles
President of the Central Bank,Alexandre Tombini,Q3376150,2011-01-01,2016-06-13,male,1963-12-09,,Alexandre tombini bacen.jpg,Alexandre Tombini
President of the Central Bank,Ilan Goldfajn,Q25439494,2016-06-09,2019-02-28,male,1966-03-12,,Ilan Goldfajn 2016.jpg,Ilan Goldfajn
President of the Central Bank,Roberto Campos Neto,Q58812288,2019-02-28,,male,1969-06-28,,Roberto Campos Neto.jpg,Roberto Campos Neto
Chief of the Joint General Staff of the Armed Forces,Laerte de Souza Santos,Q107050975,2021-05-31,,male,1958-09-02,,GenLaerte.jpg,Laerte de Souza Santos
Governor of Acre,Jorge Viana,Q954775,1999-01-01,2007-01-01,male,1959-09-20,,Senador Jorge Viana - Segunda Foto Oficial.jpg,Jorge Viana
Governor of Acre,Binho Marques,Q4914358,2007-01-01,2011-01-01,male,1962-10-29,,Binho Marques.JPG,Binho Marques
Governor of Acre,Tião Viana,Q212394,2011-02-01,2019-01-01,male,1961-02-09,,Tiaoviana01022007.jpg,Tião Viana
Governor of Acre,Gladson Cameli,Q10290029,2019-01-01,,male,1978-03-26,,Gladson Cameli em outubro de 2018.jpg,Gladson Cameli
Governor of Alagoas,Renan Filho,Q10359235,2015-01-01,2022-04-02,male,1979-10-08,,"Recebe em audiência o governador de Alagoas, Renan Filho. (16551164323) - cropped.jpg",Renan Filho
Governor of Alagoas,Klever Rêgo Loureiro,Q111466039,2022-04-02,,,1951,,,
Governor of Amapá,Waldez Góes,Q9095459,2003-01-01,2010-03-31,male,1961-10-29,,"Waldez Góes, Gov AP 2016.jpg",Waldez Góes
Governor of Amapá,Waldez Góes,Q9095459,2015-01-01,,male,1961-10-29,,"Waldez Góes, Gov AP 2016.jpg",Waldez Góes
Governor of Amazonas,Amazonino Mendes,Q111507,1999-01-01,2003-01-01,male,1939-11-16,,Amazonino Mendes em agosto de 2017.jpg,Amazonino Mendes
Governor of Amazonas,Carlos Eduardo de Sousa Braga,Q5042029,2003-01-01,2007-01-01,male,1960-12-06,,Eduardobraga28112006.jpg,Eduardo Braga
Governor of Amazonas,Carlos Eduardo de Sousa Braga,Q5042029,2007-01-01,2010-03-31,male,1960-12-06,,Eduardobraga28112006.jpg,Eduardo Braga
Governor of Amazonas,Omar Aziz,Q10340805,2010-03-31,2011-01-01,male,1958-08-13,,Omar Aziz.png,Omar Aziz
Governor of Amazonas,Omar Aziz,Q10340805,2011-01-01,2014-04-04,male,1958-08-13,,Omar Aziz.png,Omar Aziz
Governor of Amazonas,José Melo de Oliveira,Q10310117,2014-04-04,2015-01-01,male,1946-09-26,,Gov.-Prof-Jose-Melo-de-Oliveira2-841x1024.jpg,José Melo de Oliveira
Governor of Amazonas,José Melo de Oliveira,Q10310117,2015-01-01,2017-05-09,male,1946-09-26,,Gov.-Prof-Jose-Melo-de-Oliveira2-841x1024.jpg,José Melo de Oliveira
Governor of Amazonas,David Almeida,Q10264374,2017-05-09,2017-10-04,male,1969-02-08,,Deputado Estadual David Almeida (Foto anterior).jpg,David Almeida
Governor of Amazonas,Amazonino Mendes,Q111507,2017-10-04,2019-01-01,male,1939-11-16,,Amazonino Mendes em agosto de 2017.jpg,Amazonino Mendes
Governor of Amazonas,Wilson Lima,Q58047696,2019-01-01,,male,1976-06-26,,Wilson Miranda Lima.jpg,Wilson Lima
Governor of Bahia,César Borges,Q3700022,1999-02-01,2002-04-06,male,1948-11-21,,Cesar Borges.jpg,
Governor of Bahia,Otto Alencar,Q10342495,2002-04-05,2002-12-31,male,1947-08-28,,Foto oficial de Otto Alencar.jpg,Otto Alencar
Governor of Bahia,Paulo Souto,Q9057112,2003-01-01,2006-12-31,male,1943-11-19,,Paulo Souto.jpg,Paulo Souto
Governor of Bahia,Jaques Wagner,Q6159407,2007-01-01,2014-12-31,male,1951-03-16,,JaquesWagner2010.jpg,Jaques Wagner
Governor of Bahia,Rui Costa,Q10365240,2015-01-01,,male,1963-01-18,,Rui Costa em fevereiro de 2019.jpg,Rui Costa (politician)
Governor of Ceará,Tasso Jereissati,Q7687655,1995-01-01,2002-04-06,male,1948-12-15,,Jereissati21052007.jpg,Tasso Jereissati
Governor of Ceará,Beni Veras,Q9654343,2002-04-06,2003-01-01,male,1935-08-18,2015-11-06,,Beni Veras
Governor of Ceará,Lúcio Alcântara,Q13164197,2003-01-01,2007-01-01,male,1943-05-16,,Lucioalcantara2006.jpg,
Governor of Ceará,Cid Gomes,Q5119489,2007-01-01,2015-01-01,male,1963-04-27,,Cidgomes2006.jpg,Cid Gomes
Governor of Ceará,Camilo Santana,Q18242106,2015-01-01,2022-04-02,male,1968-03-06,,Camilo Santana.jpg,Camilo Santana
Governor of Ceará,Izolda Cela,Q20048659,2022-04-02,,female,1960-05-09,,Izolda Cela (cropped).jpg,Izolda Cela
Governor of Espirito Santo,Renato Casagrande,Q945907,2011-01-01,2015-01-01,male,1960-12-03,,Renato Casagrande em abril de 2019.jpg,Renato Casagrande
Governor of Espirito Santo,Renato Casagrande,Q945907,2019-01-01,,male,1960-12-03,,Renato Casagrande em abril de 2019.jpg,Renato Casagrande
Governor of the Federal District,Joaquim Roriz,Q2384480,1999-01-01,2002-12-31,male,1936-08-04,2018-09-27,Joaquim roriz.jpg,Joaquim Roriz
Governor of the Federal District,Joaquim Roriz,Q2384480,2003-01-01,2006-03-31,male,1936-08-04,2018-09-27,Joaquim roriz.jpg,Joaquim Roriz
Governor of the Federal District,Ibaneis Rocha,Q58053056,2019-01-01,,male,1971-07-10,,Ibaneis rocha (cropped).png,Ibaneis Rocha
Governor of Goiás,Ronaldo Caiado,Q10364348,2019-01-01,,male,1949-09-25,,Ronaldo Caiado em abril de 2019.jpg,Ronaldo Caiado
Governor of Maranhão,Flávio Dino,Q10283063,2015-01-01,,male,1968-04-30,,Flavio dino.jpg,Flávio Dino
Governor of Mato Grosso,Mauro Mendes,Q7724122,2019-01-01,,male,1964-04-12,,Congressos. Seminários. Palestras (18717240209).jpg,Mauro Mendes
Governor of Mato Grosso do Sul,Zeca do PT,Q10394963,1999-01-01,2006-12-31,male,1950-02-24,,Foto oficial de Zeca do PT.jpg,
Governor of Mato Grosso do Sul,André Puccinelli,Q4760046,2007-01-01,2015-01-01,male,1948-07-02,,Puccinelli04072007.jpg,André Puccinelli
Governor of Mato Grosso do Sul,Reinaldo Azambuja,Q10358939,2015-01-01,,male,1963-05-13,,Reinaldo Azambuja 2016.jpg,Reinaldo Azambuja
Governor of Minas Gerais,Antônio Anastasia,Q4777647,2010-03-31,2014-04-04,male,1961-05-09,,Foto oficial de Antonio Anastasia.jpg,Antônio Anastasia
Governor of Minas Gerais,Romeu Zema,Q57092113,2019-01-01,,male,1964-10-28,,Romeu Zema em 11 de junho de 2019 (recorte).jpg,Romeu Zema
Governor of Paraná,Jaime Lerner,Q923927,1995,2002,male,1937-12-17,2021-05-27,Jaime Lerner May 2004.jpg,Jaime Lerner
Governor of Paraná,Ratinho Júnior,Q10357567,2019-01-01,,male,1981-04-19,,"2019 Solenidade do 140º Aniversário do Regimento de Polícia Montada ""Coronel Ducídio"" - 48146688277 (cropped).jpg",Ratinho Júnior
Governor of Paraíba,José Maranhão,Q6293085,1999-01,2002-04-06,male,1933-09-06,2021-02-08,José Maranhão.jpg,José Maranhão
Governor of Paraíba,Roberto Paulino,Q10363414,2002-04-06,2002-12-31,male,1951-07-20,,Roberto Paulino.jpg,
Governor of Paraíba,Cássio Cunha Lima,Q7638345,2003-01,2007-01,male,1963-04-05,,Cassiocunhalima2006.jpg,Cássio Cunha Lima
Governor of Paraíba,Cássio Cunha Lima,Q7638345,2007-01,2009-02-17,male,1963-04-05,,Cassiocunhalima2006.jpg,Cássio Cunha Lima
Governor of Paraíba,José Maranhão,Q6293085,2009-02-18,2010-12-31,male,1933-09-06,2021-02-08,José Maranhão.jpg,José Maranhão
Governor of Paraíba,Ricardo Coutinho,Q7322605,2011-01,2014-12-31,male,1960-11-18,,Ricardo Coutinho 2011.jpg,Ricardo Coutinho
Governor of Paraíba,Ricardo Coutinho,Q7322605,2015-01,2018-12-31,male,1960-11-18,,Ricardo Coutinho 2011.jpg,Ricardo Coutinho
Governor of Paraíba,João Azevêdo,Q56351397,2019-01-01,,male,1953-08-14,,João Azevêdo em abril de 2019.jpg,
Governor of Pará,Simão Jatene,Q7521412,2011-01-01,2019-01-01,male,1949-04-01,,Simao jatene.jpg,Simão Jatene
Governor of Pará,Helder Barbalho,Q3784499,2019-01-01,,male,1979-05-18,,Helder Barbalho em abril de 2019.jpg,Helder Barbalho
Governor of Pernambuco,Eduardo Campos,Q4864755,2007-01-01,2014-04-04,male,1965-08-10,2014-08-13,Governador Eduardo Campos em 2013.jpg,Eduardo Campos
Governor of Pernambuco,Paulo Câmara,Q18279658,2015-01-01,,male,1972-08-08,,Paulo Câmara eleicao 2014 (cropped).jpg,Paulo Câmara
Governor of Piauí,Wellington Dias,Q7981381,2003-01-01,2010-04-01,male,1962-03-05,,Wdias2006.jpg,Wellington Dias
Governor of Piauí,Wellington Dias,Q7981381,2015-01-01,2022-03-31,male,1962-03-05,,Wdias2006.jpg,Wellington Dias
Governor of Piauí,Regina Sousa,Q20046132,2022-03-31,,female,1950-07-04,,Foto oficial de Regina Sousa.jpg,Regina Sousa
Governor of Rio Grande do Norte,Fátima Bezerra,Q10286993,2019-01-01,,female,1955-05-19,,20170222 00853g (32929115141).jpg,Fátima Bezerra
Governor of Rio Grande do Sul,José Ivo Sartori,Q10309629,2015-01-01,2018-12-31,male,1948-02-25,,José Ivo Sartori em outubro de 2014-2.jpg,José Ivo Sartori
Governor of Rio Grande do Sul,Eduardo Leite,Q16337390,2019-01-01,2022-03-31,male,1985-03-10,,Eduardo Leite no Palácio Piratini em março de 2019.jpg,Eduardo Leite
Governor of Rio Grande do Sul,Ranolfo Vieira Júnior,Q59572458,2022-03-31,,male,1966-04-07,,Ranolfo Vieira Júnior (cropped).jpg,Ranolfo Vieira Júnior
Governor of Rio de Janeiro,Benedita da Silva,Q4887390,2002-04-06,2003-01-01,female,1943-04-26,,Juca Ferreira recebe Benedita da Silva - 16927531275 (cropped).jpg,Benedita da Silva
Governor of Rio de Janeiro,Luiz Fernando Pezão,Q10320733,2014-04-04,2019-01-01,male,1955-03-29,,Pezão (cropped).jpg,Luiz Fernando Pezão
Governor of Rio de Janeiro,Francisco Dornelles,Q8962336,2016-03-28,2016-10-31,male,1935-01-07,,Dornelles01022207.jpg,Francisco Dornelles
Governor of Rio de Janeiro,Francisco Dornelles,Q8962336,2018-11-29,2018-12-31,male,1935-01-07,,Dornelles01022207.jpg,Francisco Dornelles
Governor of Rio de Janeiro,Wilson José Witzel,Q57274835,2019-01-01,2021-04-30,male,1968-02-19,,Wilson Witzel com faixa de Governador 2.jpg,Wilson Witzel
Governor of Rio de Janeiro,Claudio Bomfim de Castro e Silva,Q57965921,2020,,male,1979-03-29,,Claudio Castro como Vice Governador do Rio de Janeiro.jpg,Cláudio Castro
Governor of Rondônia,José Bianco,Q10308999,1999-01-01,2003-01-01,male,1944-06-15,,José Bianco RO.jpg,
Governor of Rondônia,Ivo Cassol,Q9010152,2003-01-01,2010-03-31,male,1959-01-20,,Ivo Cassol.jpeg,Ivo Cassol
Governor of Rondônia,João Aparecido Cahulla,Q10311084,2010-03-31,2011-01-01,male,1954-02-11,,,
Governor of Rondônia,Confúcio Moura,Q9849034,2011-01-01,2018-04-05,male,1948-05-16,,Confucio moura.jpg,Confúcio Moura
Governor of Rondônia,Daniel Pereira,Q51882561,2018-04-06,2018-12-31,male,1965-06-20,,"Vice-governador de Rondônia, Daniel Pereira 2018.jpg",
Governor of Rondônia,Marcos Rocha,Q60345250,2019-01-01,,male,1968-08-03,,Marcos Rocha em abril de 2019.jpg,
Governor of Roraima,Neudo Ribeiro Campos,Q10336446,1995-01-01,2002-04-06,male,1946-09-01,,Neudo.jpg,Neudo Ribeiro Campos
Governor of Roraima,Francisco Flamarion Portela,Q2844016,2002-04-06,2004-11-10,male,1954-10-13,,,
Governor of Roraima,Ottomar Pinto,Q7109990,2004-11-10,2007-12-11,male,1931-01-19,2007-12-11,Ottomar06032007.jpg,Ottomar Pinto
Governor of Roraima,José de Anchieta Júnior,Q10310740,2007-12-11,2014-04-04,male,1965-03-11,2018-12-06,José de Anchieta Junior in 2011.jpg,José de Anchieta Júnior
Governor of Roraima,Chico Rodrigues,Q16337178,2014-04-04,2014-12-31,male,1951-04-23,,Senador Chico Rodrigues.jpg,Chico Rodrigues
Governor of Roraima,Suely Campos,Q18486154,2015-01-01,2018-12-31,female,1953-05-14,,Suely Campos em outubro de 2017.jpg,Suely Campos
Governor of Roraima,Antonio Denarium,Q59284403,2019-01-01,,male,1964-03-03,,Antonio Denarium.jpg,Antonio Denarium
Governor of Santa Catarina,Eduardo Pinho Moreira,Q3048367,2018-04,2018-12,male,1949-07-11,,Eduardo Moreira Gov.jpg,
Governor of Santa Catarina,Carlos Moisés da Silva,Q57946067,2019-01-01,,male,1967-08-17,,Carlos Moisés in April 2019 (cropped).jpg,Carlos Moisés
Governor of Sergipe,Belivaldo Chagas Silva,Q10319222,2018-04-06,,male,1960-04-19,,"Governador de Sergipe, Belivaldo Chagas em SP.jpg",
Governor of São Paulo,Geraldo Alckmin,Q964493,2001-03-06,2006-03-31,male,1952-11-07,,Assinatura de convênios do FUMEFI (24033932508).jpg,Geraldo Alckmin
Governor of São Paulo,José Serra,Q379563,2007-01-01,2010-04-02,male,1942-03-19,,Serradiscursando2010.jpg,José Serra
Governor of São Paulo,Alberto Goldman,Q4712051,2010-04-02,2011-01-01,male,1934-10-12,2019-09-01,Albertogoldman.jpeg,Alberto Goldman
Governor of São Paulo,Geraldo Alckmin,Q964493,2011-01-01,2018-04-06,male,1952-11-07,,Assinatura de convênios do FUMEFI (24033932508).jpg,Geraldo Alckmin
Governor of São Paulo,Márcio França,Q10334305,2018-04-06,2019-01-01,male,1963-06-23,,Ordem do Ipiranga - Márcio França.jpg,Márcio França
Governor of São Paulo,João Doria,Q10311413,2019-01-01,2022-03-31,male,1957-12-16,,Foto oficial de João Dória como Governador de São Paulo.jpg,João Doria
Governor of São Paulo,Rodrigo Garcia,Q10363867,2022-04-01,,male,1974-05-10,,"Secretário Estadual da Habitação de São Paulo, Rodrigo Garcia em 2017 (cropped).jpg",Rodrigo Garcia (politician)
Governor of Tocantins,Mauro Carlesse,Q50844911,2018-04-19,2021-10-20,male,1960-06-25,,2019-12-12 Cerimônia Alusiva à Visita do Presidente da República ao Estado do Tocantins (cropped).jpg,Mauro Carlesse
Governor of Tocantins,Wanderlei Castro,Q109512763,2021-10-20,,male,1964-03-12,,"Wanderlei Barbosa, Governador em exercício do Tocantins.jpg",
Mayor of São Paulo,Celso Pitta,Q1857846,1997-01-01,2000-12-31,male,1946-09-29,2009-11-20,Celso Pitta.jpg,Celso Pitta
Mayor of São Paulo,Marta Suplicy,Q463614,2001-01-01,2004-12-31,female,1945-03-18,,Marta Suplicy.jpg,Marta Suplicy
Mayor of São Paulo,José Serra,Q379563,2005-01-01,2006-03-31,male,1942-03-19,,Serradiscursando2010.jpg,José Serra
Mayor of São Paulo,Gilberto Kassab,Q2546210,2006-03-31,2012-12-31,male,1960-08-12,,Kassab.jpg,Gilberto Kassab
Mayor of São Paulo,Fernando Haddad,Q3069485,2013-01-01,2017-01-01,male,1963-01-25,,Fernando Haddad Prefeito 2016.jpg,Fernando Haddad
Mayor of São Paulo,João Doria,Q10311413,2017-01-01,2018-04-06,male,1957-12-16,,Foto oficial de João Dória como Governador de São Paulo.jpg,João Doria
Mayor of São Paulo,Bruno Covas,Q9667541,2018-04-06,2021-05-16,male,1980-04-07,2021-05-16,Bruno Covas Prefeito de SP.jpg,Bruno Covas
Mayor of São Paulo,Ricardo Nunes,Q56195607,2021-05-16,,male,1967-11-13,,Ricardo Nunes em Coletiva de Imprensa.jpg,Ricardo Nunes (politician)
ambassador to Germany,Roberto Abdenur,Q2159392,1995,2002-02,male,1942-05-05,,Roberto Abdenur.jpg,
ambassador to Germany,Everton Vieira Vargas,Q10278492,2009,2013,male,1955-01-23,,CRE - Comissão de Relações Exteriores e Defesa Nacional (28297479564).jpg,
ambassador to the United Kingdom,Cláudio Frederico de Matos Arruda,Q91941464,2018,,male,1957-09-20,,,
ambassador to the United States,Roberto Abdenur,Q2159392,2004-04,2007-02,male,1942-05-05,,Roberto Abdenur.jpg,
ambassador to the United States,Sérgio Silva do Amaral,Q10376236,2016,2019,male,1944-06-01,,Sérgio Amaral.jpg,Sérgio Amaral
ambassador to the United States,Nestor Forster,Q72206332,2019-11-22,,male,1963-04-10,,Emb-nestor-forster.jpg,Nestor Forster
president of the Legislative Assembly of Amazonas,David Almeida,Q10264374,2017-02-01,2019-02-01,male,1969-02-08,,Deputado Estadual David Almeida (Foto anterior).jpg,David Almeida
president of the Legislative Assembly of Bahia,Marcelo Nilo,Q59204024,2007-02-01,2017-01-31,male,1955,,Cerimônia de instalação da Academia de Ciências da Bahia na FIEB.jpg,
president of the Legislative Assembly of Bahia,Angelo Coronel,Q56346750,2017-02-01,2019-02-01,male,1958,,Angelo-coronel.jpg,
president of the Legislative Assembly of Rio de Janeiro,Wagner Montes,Q10392867,2017-11-21,2018-11-01,male,1954-07-18,2019-01-26,Wagner-montes.png,
vice governor of Amazonas,Carlos Almeida,Q60999713,2019-01-01,,male,1979-06-28,,Carlos Almeida Filho (49199521677).jpg,
vice governor of Bahia,Otto Alencar,Q10342495,1999-01-01,2002-12-31,male,1947-08-28,,Foto oficial de Otto Alencar.jpg,Otto Alencar
vice governor of Bahia,Edmundo Pereira Santos,Q10270476,2007-01-01,2010-12-31,male,1943-11-17,,Vice-governador Edmundo Pereira.jpg,
vice governor of Bahia,Otto Alencar,Q10342495,2011-01-01,2014-12-31,male,1947-08-28,,Foto oficial de Otto Alencar.jpg,Otto Alencar
vice governor of Bahia,João Leão,Q24691764,2015-01-01,2018-12-31,male,1946-02-27,,"Secretário de Infraestrutura, João Leão toma posse.jpg",
vice governor of Bahia,João Leão,Q24691764,2019-01-01,,male,1946-02-27,,"Secretário de Infraestrutura, João Leão toma posse.jpg",
vice governor of Minas Gerais,Antônio Anastasia,Q4777647,2007-01-01,2010-03-31,male,1961-05-09,,Foto oficial de Antonio Anastasia.jpg,Antônio Anastasia
vice governor of Rio de Janeiro,Benedita da Silva,Q4887390,1999-01-01,2002-04-05,female,1943-04-26,,Juca Ferreira recebe Benedita da Silva - 16927531275 (cropped).jpg,Benedita da Silva
vice governor of Rio de Janeiro,Claudio Bomfim de Castro e Silva,Q57965921,2019-01-01,,male,1979-03-29,,Claudio Castro como Vice Governador do Rio de Janeiro.jpg,Cláudio Castro
vice governor of Santa Catarina,Daniela Reinehr,Q61000432,2019-01-01,,female,1977,,Daniela Reinehr (cropped).jpg,
vice governor of São Paulo,Alberto Goldman,Q4712051,2007-01-01,2010-04-02,male,1934-10-12,2019-09-01,Albertogoldman.jpeg,Alberto Goldman
vice governor of Tocantins,Wanderlei Barbosa Castro,Q94175645,2019-01-01,,male,1964-03-12,,Wanderlei Barbosa.jpg,
